{"cameraMode":{"drawMode":0,"name":"Shaded","section":"Shading Mode"},"sceneLighting":true,"audioPlay":false,"sceneViewState":{"m_AlwaysRefresh":false,"showFog":true,"showSkybox":true,"showFlares":true,"showImageEffects":true,"showParticleSystems":true,"showVisualEffectGraphs":true,"m_FxEnabled":true},"in2DMode":false,"pivot":{"x":-55.16505432128906,"y":-46.088600158691409,"z":106.38136291503906},"rotation":{"x":0.1907559186220169,"y":-0.30212604999542239,"z":0.06184156984090805,"w":0.9319405555725098},"size":114.35004425048828,"orthographic":false}