{"cameraMode":{"drawMode":0,"name":"Shaded","section":"Shading Mode"},"sceneLighting":false,"audioPlay":false,"sceneViewState":{"m_AlwaysRefresh":false,"showFog":true,"showSkybox":false,"showFlares":true,"showImageEffects":true,"showParticleSystems":true,"showVisualEffectGraphs":true,"m_FxEnabled":true},"in2DMode":false,"pivot":{"x":13.27531909942627,"y":4.2552714347839359,"z":0.6914219856262207},"rotation":{"x":-0.0074989222921431068,"y":-0.016498848795890809,"z":-0.00012375715596135706,"w":0.999836802482605},"size":0.08660276979207993,"orthographic":false}